image,mask
./image/img10.jpg,./mask/img10.jpg
./image/img100.jpg,./mask/img100.jpg
./image/img101.jpg,./mask/img101.jpg
./image/img102.jpg,./mask/img102.jpg
./image/img103.jpg,./mask/img103.jpg
./image/img104.jpg,./mask/img104.jpg
./image/img105.jpg,./mask/img105.jpg
./image/img106.jpg,./mask/img106.jpg
./image/img107.jpg,./mask/img107.jpg
./image/img108.jpg,./mask/img108.jpg
./image/img109.jpg,./mask/img109.jpg
./image/img110.jpg,./mask/img110.jpg
./image/img111.jpg,./mask/img111.jpg
./image/img112.jpg,./mask/img112.jpg
./image/img113.jpg,./mask/img113.jpg
./image/img114.jpg,./mask/img114.jpg
./image/img115.jpg,./mask/img115.jpg
./image/img116.jpg,./mask/img116.jpg
./image/img117.jpg,./mask/img117.jpg
./image/img118.jpg,./mask/img118.jpg
./image/img119.jpg,./mask/img119.jpg
./image/img120.jpg,./mask/img120.jpg
./image/img121.jpg,./mask/img121.jpg
./image/img122.jpg,./mask/img122.jpg
./image/img123.jpg,./mask/img123.jpg
./image/img124.jpg,./mask/img124.jpg
./image/img125.jpg,./mask/img125.jpg
./image/img126.jpg,./mask/img126.jpg
./image/img127.jpg,./mask/img127.jpg
./image/img128.jpg,./mask/img128.jpg
./image/img129.jpg,./mask/img129.jpg
./image/img130.jpg,./mask/img130.jpg
./image/img131.jpg,./mask/img131.jpg
./image/img132.jpg,./mask/img132.jpg
./image/img133.jpg,./mask/img133.jpg
./image/img134.jpg,./mask/img134.jpg
./image/img135.jpg,./mask/img135.jpg
./image/img136.jpg,./mask/img136.jpg
./image/img137.jpg,./mask/img137.jpg
./image/img138.jpg,./mask/img138.jpg
./image/img139.jpg,./mask/img139.jpg
./image/img140.jpg,./mask/img140.jpg
./image/img141.jpg,./mask/img141.jpg
./image/img142.jpg,./mask/img142.jpg
./image/img143.jpg,./mask/img143.jpg
./image/img144.jpg,./mask/img144.jpg
./image/img145.jpg,./mask/img145.jpg
./image/img146.jpg,./mask/img146.jpg
./image/img147.jpg,./mask/img147.jpg
./image/img148.jpg,./mask/img148.jpg
./image/img149.jpg,./mask/img149.jpg
./image/img150.jpg,./mask/img150.jpg
./image/img151.jpg,./mask/img151.jpg
./image/img152.jpg,./mask/img152.jpg
./image/img153.jpg,./mask/img153.jpg
./image/img154.jpg,./mask/img154.jpg
./image/img155.jpg,./mask/img155.jpg
./image/img156.jpg,./mask/img156.jpg
./image/img157.jpg,./mask/img157.jpg
./image/img158.jpg,./mask/img158.jpg
./image/img159.jpg,./mask/img159.jpg
./image/img160.jpg,./mask/img160.jpg
./image/img161.jpg,./mask/img161.jpg
./image/img162.jpg,./mask/img162.jpg
./image/img163.jpg,./mask/img163.jpg
./image/img164.jpg,./mask/img164.jpg
./image/img165.jpg,./mask/img165.jpg
./image/img166.jpg,./mask/img166.jpg
./image/img167.jpg,./mask/img167.jpg
./image/img168.jpg,./mask/img168.jpg
./image/img169.jpg,./mask/img169.jpg
./image/img170.jpg,./mask/img170.jpg
./image/img171.jpg,./mask/img171.jpg
./image/img172.jpg,./mask/img172.jpg
./image/img173.jpg,./mask/img173.jpg
./image/img174.jpg,./mask/img174.jpg
./image/img175.jpg,./mask/img175.jpg
./image/img176.jpg,./mask/img176.jpg
./image/img177.jpg,./mask/img177.jpg
./image/img178.jpg,./mask/img178.jpg
./image/img179.jpg,./mask/img179.jpg
./image/img180.jpg,./mask/img180.jpg
./image/img181.jpg,./mask/img181.jpg
./image/img182.jpg,./mask/img182.jpg
./image/img183.jpg,./mask/img183.jpg
./image/img184.jpg,./mask/img184.jpg
./image/img185.jpg,./mask/img185.jpg
./image/img186.jpg,./mask/img186.jpg
./image/img187.jpg,./mask/img187.jpg
./image/img188.jpg,./mask/img188.jpg
./image/img189.jpg,./mask/img189.jpg
./image/img190.jpg,./mask/img190.jpg
./image/img191.jpg,./mask/img191.jpg
./image/img192.jpg,./mask/img192.jpg
./image/img193.jpg,./mask/img193.jpg
./image/img194.jpg,./mask/img194.jpg
./image/img195.jpg,./mask/img195.jpg
./image/img196.jpg,./mask/img196.jpg
./image/img197.jpg,./mask/img197.jpg
./image/img198.jpg,./mask/img198.jpg
./image/img199.jpg,./mask/img199.jpg
./image/img200.jpg,./mask/img200.jpg
./image/img201.jpg,./mask/img201.jpg
./image/img202.jpg,./mask/img202.jpg
./image/img203.jpg,./mask/img203.jpg
./image/img204.jpg,./mask/img204.jpg
./image/img205.jpg,./mask/img205.jpg
./image/img206.jpg,./mask/img206.jpg
./image/img207.jpg,./mask/img207.jpg
./image/img208.jpg,./mask/img208.jpg
./image/img209.jpg,./mask/img209.jpg
./image/img210.jpg,./mask/img210.jpg
./image/img211.jpg,./mask/img211.jpg
./image/img212.jpg,./mask/img212.jpg
./image/img213.jpg,./mask/img213.jpg
./image/img214.jpg,./mask/img214.jpg
./image/img215.jpg,./mask/img215.jpg
./image/img216.jpg,./mask/img216.jpg
./image/img217.jpg,./mask/img217.jpg
./image/img218.jpg,./mask/img218.jpg
./image/img219.jpg,./mask/img219.jpg
./image/img220.jpg,./mask/img220.jpg
./image/img221.jpg,./mask/img221.jpg
./image/img222.jpg,./mask/img222.jpg
./image/img223.jpg,./mask/img223.jpg
./image/img224.jpg,./mask/img224.jpg
./image/img225.jpg,./mask/img225.jpg
./image/img226.jpg,./mask/img226.jpg
./image/img227.jpg,./mask/img227.jpg
./image/img228.jpg,./mask/img228.jpg
./image/img229.jpg,./mask/img229.jpg
./image/img230.jpg,./mask/img230.jpg
./image/img231.jpg,./mask/img231.jpg
./image/img232.jpg,./mask/img232.jpg
./image/img233.jpg,./mask/img233.jpg
./image/img234.jpg,./mask/img234.jpg
./image/img235.jpg,./mask/img235.jpg
./image/img236.jpg,./mask/img236.jpg
./image/img237.jpg,./mask/img237.jpg
./image/img238.jpg,./mask/img238.jpg
./image/img239.jpg,./mask/img239.jpg
./image/img240.jpg,./mask/img240.jpg
./image/img241.jpg,./mask/img241.jpg
./image/img242.jpg,./mask/img242.jpg
./image/img243.jpg,./mask/img243.jpg
./image/img244.jpg,./mask/img244.jpg
./image/img245.jpg,./mask/img245.jpg
./image/img246.jpg,./mask/img246.jpg
./image/img247.jpg,./mask/img247.jpg
./image/img248.jpg,./mask/img248.jpg
./image/img249.jpg,./mask/img249.jpg
./image/img250.jpg,./mask/img250.jpg
./image/img251.jpg,./mask/img251.jpg
./image/img252.jpg,./mask/img252.jpg
./image/img253.jpg,./mask/img253.jpg
./image/img254.jpg,./mask/img254.jpg
./image/img255.jpg,./mask/img255.jpg
./image/img256.jpg,./mask/img256.jpg
./image/img257.jpg,./mask/img257.jpg
./image/img258.jpg,./mask/img258.jpg
./image/img259.jpg,./mask/img259.jpg
./image/img260.jpg,./mask/img260.jpg
./image/img261.jpg,./mask/img261.jpg
./image/img262.jpg,./mask/img262.jpg
./image/img263.jpg,./mask/img263.jpg
./image/img264.jpg,./mask/img264.jpg
./image/img265.jpg,./mask/img265.jpg
./image/img266.jpg,./mask/img266.jpg
./image/img267.jpg,./mask/img267.jpg
./image/img268.jpg,./mask/img268.jpg
./image/img269.jpg,./mask/img269.jpg
./image/img270.jpg,./mask/img270.jpg
./image/img271.jpg,./mask/img271.jpg
./image/img272.jpg,./mask/img272.jpg
./image/img273.jpg,./mask/img273.jpg
./image/img274.jpg,./mask/img274.jpg
./image/img275.jpg,./mask/img275.jpg
./image/img276.jpg,./mask/img276.jpg
./image/img277.jpg,./mask/img277.jpg
./image/img278.jpg,./mask/img278.jpg
./image/img279.jpg,./mask/img279.jpg
./image/img280.jpg,./mask/img280.jpg
./image/img281.jpg,./mask/img281.jpg
./image/img282.jpg,./mask/img282.jpg
./image/img283.jpg,./mask/img283.jpg
./image/img284.jpg,./mask/img284.jpg
./image/img285.jpg,./mask/img285.jpg
./image/img286.jpg,./mask/img286.jpg
./image/img287.jpg,./mask/img287.jpg
./image/img288.jpg,./mask/img288.jpg
./image/img289.jpg,./mask/img289.jpg
./image/img290.jpg,./mask/img290.jpg
./image/img291.jpg,./mask/img291.jpg
./image/img292.jpg,./mask/img292.jpg
./image/img293.jpg,./mask/img293.jpg
./image/img294.jpg,./mask/img294.jpg
./image/img295.jpg,./mask/img295.jpg
./image/img296.jpg,./mask/img296.jpg
./image/img297.jpg,./mask/img297.jpg
./image/img298.jpg,./mask/img298.jpg
./image/img299.jpg,./mask/img299.jpg
./image/img300.jpg,./mask/img300.jpg
./image/img301.jpg,./mask/img301.jpg
./image/img302.jpg,./mask/img302.jpg
./image/img303.jpg,./mask/img303.jpg
./image/img304.jpg,./mask/img304.jpg
./image/img305.jpg,./mask/img305.jpg
./image/img306.jpg,./mask/img306.jpg
./image/img307.jpg,./mask/img307.jpg
./image/img308.jpg,./mask/img308.jpg
./image/img309.jpg,./mask/img309.jpg
./image/img310.jpg,./mask/img310.jpg
./image/img311.jpg,./mask/img311.jpg
./image/img312.jpg,./mask/img312.jpg
./image/img313.jpg,./mask/img313.jpg
./image/img314.jpg,./mask/img314.jpg
./image/img315.jpg,./mask/img315.jpg
./image/img316.jpg,./mask/img316.jpg
./image/img317.jpg,./mask/img317.jpg
./image/img318.jpg,./mask/img318.jpg
./image/img319.jpg,./mask/img319.jpg
./image/img320.jpg,./mask/img320.jpg
./image/img321.jpg,./mask/img321.jpg
./image/img322.jpg,./mask/img322.jpg
./image/img323.jpg,./mask/img323.jpg
./image/img324.jpg,./mask/img324.jpg
./image/img325.jpg,./mask/img325.jpg
./image/img326.jpg,./mask/img326.jpg
./image/img327.jpg,./mask/img327.jpg
./image/img328.jpg,./mask/img328.jpg
./image/img329.jpg,./mask/img329.jpg
./image/img330.jpg,./mask/img330.jpg
./image/img331.jpg,./mask/img331.jpg
./image/img332.jpg,./mask/img332.jpg
./image/img333.jpg,./mask/img333.jpg
./image/img334.jpg,./mask/img334.jpg
./image/img335.jpg,./mask/img335.jpg
./image/img336.jpg,./mask/img336.jpg
./image/img337.jpg,./mask/img337.jpg
./image/img338.jpg,./mask/img338.jpg
./image/img339.jpg,./mask/img339.jpg
./image/img340.jpg,./mask/img340.jpg
./image/img341.jpg,./mask/img341.jpg
./image/img342.jpg,./mask/img342.jpg
./image/img343.jpg,./mask/img343.jpg
./image/img344.jpg,./mask/img344.jpg
./image/img345.jpg,./mask/img345.jpg
./image/img346.jpg,./mask/img346.jpg
./image/img347.jpg,./mask/img347.jpg
./image/img348.jpg,./mask/img348.jpg
./image/img349.jpg,./mask/img349.jpg
./image/img350.jpg,./mask/img350.jpg
./image/img351.jpg,./mask/img351.jpg
./image/img352.jpg,./mask/img352.jpg
./image/img353.jpg,./mask/img353.jpg
./image/img354.jpg,./mask/img354.jpg
./image/img355.jpg,./mask/img355.jpg
./image/img356.jpg,./mask/img356.jpg
./image/img357.jpg,./mask/img357.jpg
./image/img358.jpg,./mask/img358.jpg
./image/img359.jpg,./mask/img359.jpg
./image/img360.jpg,./mask/img360.jpg
./image/img361.jpg,./mask/img361.jpg
./image/img362.jpg,./mask/img362.jpg
./image/img363.jpg,./mask/img363.jpg
./image/img364.jpg,./mask/img364.jpg
./image/img365.jpg,./mask/img365.jpg
./image/img366.jpg,./mask/img366.jpg
./image/img367.jpg,./mask/img367.jpg
./image/img368.jpg,./mask/img368.jpg
./image/img369.jpg,./mask/img369.jpg
./image/img370.jpg,./mask/img370.jpg
./image/img371.jpg,./mask/img371.jpg
./image/img372.jpg,./mask/img372.jpg
./image/img373.jpg,./mask/img373.jpg
./image/img374.jpg,./mask/img374.jpg
./image/img375.jpg,./mask/img375.jpg
./image/img376.jpg,./mask/img376.jpg
./image/img377.jpg,./mask/img377.jpg
./image/img378.jpg,./mask/img378.jpg
./image/img379.jpg,./mask/img379.jpg
./image/img380.jpg,./mask/img380.jpg
./image/img381.jpg,./mask/img381.jpg
./image/img382.jpg,./mask/img382.jpg
./image/img383.jpg,./mask/img383.jpg
./image/img384.jpg,./mask/img384.jpg
./image/img385.jpg,./mask/img385.jpg
./image/img386.jpg,./mask/img386.jpg
./image/img387.jpg,./mask/img387.jpg
./image/img388.jpg,./mask/img388.jpg
./image/img389.jpg,./mask/img389.jpg
./image/img390.jpg,./mask/img390.jpg
./image/img391.jpg,./mask/img391.jpg
./image/img392.jpg,./mask/img392.jpg
./image/img393.jpg,./mask/img393.jpg
./image/img394.jpg,./mask/img394.jpg
./image/img395.jpg,./mask/img395.jpg
./image/img396.jpg,./mask/img396.jpg
./image/img397.jpg,./mask/img397.jpg
./image/img398.jpg,./mask/img398.jpg
./image/img399.jpg,./mask/img399.jpg
./image/img400.jpg,./mask/img400.jpg
./image/img401.jpg,./mask/img401.jpg
./image/img402.jpg,./mask/img402.jpg
./image/img403.jpg,./mask/img403.jpg
./image/img404.jpg,./mask/img404.jpg
./image/img405.jpg,./mask/img405.jpg
./image/img406.jpg,./mask/img406.jpg
./image/img407.jpg,./mask/img407.jpg
./image/img408.jpg,./mask/img408.jpg
./image/img409.jpg,./mask/img409.jpg
./image/img410.jpg,./mask/img410.jpg
./image/img411.jpg,./mask/img411.jpg
./image/img412.jpg,./mask/img412.jpg
./image/img413.jpg,./mask/img413.jpg
./image/img414.jpg,./mask/img414.jpg
./image/img415.jpg,./mask/img415.jpg
./image/img416.jpg,./mask/img416.jpg
./image/img417.jpg,./mask/img417.jpg
./image/img418.jpg,./mask/img418.jpg
./image/img419.jpg,./mask/img419.jpg
./image/img420.jpg,./mask/img420.jpg
./image/img421.jpg,./mask/img421.jpg
./image/img422.jpg,./mask/img422.jpg
./image/img423.jpg,./mask/img423.jpg
./image/img424.jpg,./mask/img424.jpg
./image/img425.jpg,./mask/img425.jpg
./image/img426.jpg,./mask/img426.jpg
./image/img427.jpg,./mask/img427.jpg
./image/img428.jpg,./mask/img428.jpg
./image/img429.jpg,./mask/img429.jpg
./image/img430.jpg,./mask/img430.jpg
./image/img431.jpg,./mask/img431.jpg
./image/img432.jpg,./mask/img432.jpg
./image/img433.jpg,./mask/img433.jpg
./image/img434.jpg,./mask/img434.jpg
./image/img435.jpg,./mask/img435.jpg
./image/img436.jpg,./mask/img436.jpg
./image/img437.jpg,./mask/img437.jpg
./image/img438.jpg,./mask/img438.jpg
./image/img439.jpg,./mask/img439.jpg
./image/img440.jpg,./mask/img440.jpg
./image/img441.jpg,./mask/img441.jpg
./image/img442.jpg,./mask/img442.jpg
./image/img443.jpg,./mask/img443.jpg
./image/img444.jpg,./mask/img444.jpg
./image/img445.jpg,./mask/img445.jpg
./image/img446.jpg,./mask/img446.jpg
./image/img447.jpg,./mask/img447.jpg
./image/img448.jpg,./mask/img448.jpg
./image/img449.jpg,./mask/img449.jpg
./image/img450.jpg,./mask/img450.jpg
./image/img451.jpg,./mask/img451.jpg
./image/img452.jpg,./mask/img452.jpg
./image/img453.jpg,./mask/img453.jpg
./image/img454.jpg,./mask/img454.jpg
./image/img455.jpg,./mask/img455.jpg
./image/img456.jpg,./mask/img456.jpg
./image/img457.jpg,./mask/img457.jpg
./image/img458.jpg,./mask/img458.jpg
./image/img459.jpg,./mask/img459.jpg
./image/img460.jpg,./mask/img460.jpg
./image/img461.jpg,./mask/img461.jpg
./image/img462.jpg,./mask/img462.jpg
./image/img463.jpg,./mask/img463.jpg
./image/img464.jpg,./mask/img464.jpg
./image/img465.jpg,./mask/img465.jpg
./image/img466.jpg,./mask/img466.jpg
./image/img467.jpg,./mask/img467.jpg
./image/img468.jpg,./mask/img468.jpg
./image/img469.jpg,./mask/img469.jpg
./image/img470.jpg,./mask/img470.jpg
./image/img471.jpg,./mask/img471.jpg
./image/img472.jpg,./mask/img472.jpg
./image/img473.jpg,./mask/img473.jpg
./image/img474.jpg,./mask/img474.jpg
./image/img475.jpg,./mask/img475.jpg
./image/img476.jpg,./mask/img476.jpg
./image/img477.jpg,./mask/img477.jpg
./image/img478.jpg,./mask/img478.jpg
./image/img479.jpg,./mask/img479.jpg
./image/img480.jpg,./mask/img480.jpg
./image/img481.jpg,./mask/img481.jpg
./image/img482.jpg,./mask/img482.jpg
./image/img483.jpg,./mask/img483.jpg
./image/img484.jpg,./mask/img484.jpg
./image/img485.jpg,./mask/img485.jpg
./image/img486.jpg,./mask/img486.jpg